review_text,true_sentiment
"App keeps crashing every time I open the camera. Very frustrating.",negative
"Love the new dark mode, looks so clean!",positive
"Battery drains way too fast after the last update.",negative
"Customer support never replies to my emails.",negative
"The checkout flow is smooth and fast now, nice improvement.",positive
"Great app, does exactly what I need.",positive
"Support team was helpful and fixed my issue quickly.",positive
"Really enjoying the redesigned dashboard, much easier to navigate.",positive
"Still waiting on a reply from support after two weeks.",negative
"Simple, fast, and reliable. Exactly what I wanted.",positive
"The app is okay, nothing special.",neutral
"It works most of the time, some bugs remain.",neutral
