review_text,date
"App keeps crashing every time I open the camera. Very frustrating.",2026-08-01
"Love the new dark mode, looks so clean!",2026-08-02
"Battery drains way too fast after the last update.",2026-08-03
"Customer support never replies to my emails.",2026-08-04
"The checkout flow is smooth and fast now, nice improvement.",2026-08-05
"Crashes constantly on my phone, unusable at this point.",2026-08-06
"Great app, does exactly what I need.",2026-08-07
"Battery life has gotten so bad since the update, unacceptable.",2026-08-08
"Support team was helpful and fixed my issue quickly.",2026-08-09
"App freezes on the camera screen almost every day.",2026-08-10
"Really enjoying the redesigned dashboard, much easier to navigate.",2026-08-11
"Still waiting on a reply from support after two weeks.",2026-08-12
"Update drained my battery in half a day, very disappointing.",2026-08-13
"Camera feature crashed twice today, please fix this.",2026-08-14
"Simple, fast, and reliable. Exactly what I wanted.",2026-08-15
